"Time_Point","alpha_metric","min","q1","median","mean","q3","max","sd"
"Acute","obs_richness",18,31.5,58,57.9,76.25,111,26.9713135223326
"Acute","shannon_e",1.19106635528083,2.02541072006899,2.62529713164978,2.49348764312824,3.01416966552875,3.61540454443215,0.683366735784028
"Acute","simpson",0.406011533125217,0.797082529410915,0.843955045380969,0.82220415654989,0.912809419802867,0.949510962249971,0.124508574204562
"Chronic","obs_richness",6,13,52.5,51.7272727272727,85,105,34.9261784264774
"Chronic","shannon_e",1.0733806431112,1.41400548974053,2.71117514494518,2.37135822956843,3.15057589912558,3.47067725873776,0.863056134173407
"Chronic","simpson",0.341052795120823,0.741092720256677,0.883326468377847,0.816581774430044,0.923976940975835,0.935169528269164,0.139875688543962
"Healthy","obs_richness",21,40,58,61.4782608695652,82,102,24.2188706313316
"Healthy","shannon_e",0.753245730488636,1.06512997580512,2.81739006404013,2.30030943833031,3.15088646754594,3.60081910871147,1.02927631359225
"Healthy","simpson",0.278864427968551,0.380064711238294,0.888223168863452,0.703776660219578,0.926936098103827,0.953283977916522,0.270795276780892
